[{ "_id": 123, "topic": "Web Development", "userName": "ReactJS",
   "title": "React.js is a component based front end library that makes it very easy to build Single Page Applications or SPAs",
   "time": "2h",   "image": "reactlogo.png" },
 { "_id": 234, "topic": "Web Development",   "userName": "JavaScript",
   "title": "React.js is a component based front end library that makes it very easy to build Single Page Applications or SPAs",
   "time": "1 day",   "image": "JavaScript-logo.png" },
 { "_id": 345, "topic": "Web Development",  "userName": "jQuery",
   "title": "",
   "time": "last week",   "image": "Jquery.png" },
  { "_id": 444, "topic": "Web Development",  "userName": "NodeJS",
   "title": "",
   "time": "last month",   "image": "NodeJS.png" }
]
