[
    {
        "_id": 123,
        "topic": "Web Development",
        "avatar_img": "banner1.jpg",
        "handle": "elonmusk",
        "userName": "Elon Musk",
        "time": "23h",
        "title": "amzing show about the mission",
        "image": "spaceman.jpg",
        "link_title": "contdown: inspiration4 mission to space",
        "content": "Lorem ipsum dolor sit amet, consectetur adipiscing elit, sed do eiusmod tempor incididunt ut labore et dolore magna aliqua. Ut enim ad minim veniam.",
        "comment_number": "4.2k",
        "retweet_number": "3.5k",
        "like_number": "37.5k"
    },

    {
        "_id": 223,
        "topic": "Web Development",
        "avatar_img": "dog.jpg",
        "handle": "mypost",
        "userName": "New York Times",
        "time": "23h",
        "title": "amzing show about the mission",
        "image": "booksIMG.jpg",
        "link_title": "contdown: inspiration4 mission to space",
        "content": "Lorem ipsum dolor sit amet, consectetur adipiscing elit, sed do eiusmod tempor incididunt ut labore et dolore magna aliqua. Ut enim ad minim veniam.",
        "comment_number": "965",
        "retweet_number": "2.4k",
        "like_number": "4k"
    }
]